<?xml version="1.0" encoding="UTF-8"?>
<beans xmlns="http://www.springframework.org/schema/beans" 
    xmlns:security="http://www.springframework.org/schema/security" 
	xmlns:xsi="http://www.w3.org/2001/XMLSchema-instance"
	xmlns:context="http://www.springframework.org/schema/context"
 	xmlns:mvc="http://www.springframework.org/schema/mvc"
	xsi:schemaLocation="http://www.springframework.org/schema/beans 
	    http://www.springframework.org/schema/beans/spring-beans.xsd
		http://www.springframework.org/schema/security 
		http://www.springframework.org/schema/security/spring-security.xsd
		http://www.springframework.org/schema/context 
		http://www.springframework.org/schema/context/spring-context.xsd
		http://www.springframework.org/schema/mvc 
		http://www.springframework.org/schema/mvc/spring-mvc.xsd">

 	<mvc:annotation-driven validator="validator"/>
 	
 	<mvc:annotation-driven>
 	 	<mvc:message-converters>
		    <bean class="org.springframework.http.converter.json.MappingJackson2HttpMessageConverter">
		        <property name="objectMapper">
		            <bean class="edu.mum.hbteam.inv.rest.HibernateAwareObjectMapper" />
		        </property>
		    </bean>
		</mvc:message-converters>
 	</mvc:annotation-driven> 
 
 	<context:component-scan base-package="edu.mum.hbteam.inv.controller" />
 	
	<bean class="org.springframework.web.servlet.view.InternalResourceViewResolver">
		<property name="prefix" value="/WEB-INF/views/" />
		<property name="suffix" value=".jsp" />
	</bean>
	
	<mvc:resources  location="/resources/"  mapping="/resource/**"/>
 
  
  	<bean id="messageSource"
		class="org.springframework.context.support.ReloadableResourceBundleMessageSource">
		<property name="basenames" value="classpath:messages,classpath:errorMessages" />
	</bean>
 
  
	<bean id="validator"
		class="org.springframework.validation.beanvalidation.LocalValidatorFactoryBean">
		<property name="validationMessageSource" ref="messageSource" />
	</bean>
  </beans>
