<?xml version="1.0" encoding="UTF-8"?>
<beans xmlns="http://www.springframework.org/schema/beans"
	xmlns:xsi="http://www.w3.org/2001/XMLSchema-instance" xmlns:rabbit="http://www.springframework.org/schema/rabbit"
	xsi:schemaLocation="http://www.springframework.org/schema/beans
        http://www.springframework.org/schema/beans/spring-beans.xsd
        http://www.springframework.org/schema/rabbit
        http://www.springframework.org/schema/rabbit/spring-rabbit.xsd">


	<rabbit:connection-factory id="amqpConnectionFactory"
		host="localhost" username="dalsian" password="dalsian" />
	<rabbit:admin connection-factory="amqpConnectionFactory" />


	<!-- **************************** SUPPLIER EXCHANGE ****************************** -->
	<rabbit:direct-exchange name="hb.supplier_direct"
		durable="true">
		<rabbit:bindings>
			<rabbit:binding queue="hbSupplierStockRequestQueue"
				key="hb.supplier.book.qty"></rabbit:binding>
			<rabbit:binding queue="hbSupplierNewPublishQueue" key="hb.supplier.book.new"></rabbit:binding>
			<rabbit:binding queue="hbSupplierStockResponseQueue"
				key="hb.supplier.book.qty.res"></rabbit:binding>
		</rabbit:bindings>
	</rabbit:direct-exchange>

	<rabbit:queue name="hbSupplierStockRequestQueue" durable="true" />
	<rabbit:queue name="hbSupplierNewPublishQueue" durable="true" />
	<rabbit:queue name="hbSupplierStockResponseQueue" durable="true" />

	<!-- *********** DIRECT PRODUCER ***************** -->
	<rabbit:template id="newPublishTemplate"
		connection-factory="amqpConnectionFactory" reply-timeout="2000"
		routing-key="hb.supplier.book.new" exchange="hb.supplier_direct" />

	<!-- *********** DIRECT PRODUCER ***************** -->
	<rabbit:template id="stockResponseTemplate"
		connection-factory="amqpConnectionFactory" reply-timeout="2000"
		routing-key="hb.supplier.book.qty.res" exchange="hb.supplier_direct" />


	<!-- **************** DIRECT CONSUMER ************************* -->
	<rabbit:listener-container
		connection-factory="amqpConnectionFactory">
		<rabbit:listener ref="hbSupplierStockRequestQueueListener"
			method="listenPurchaseRequest" queue-names="hbSupplierStockRequestQueue" />
	</rabbit:listener-container>

	<bean id="hbSupplierStockRequestQueueListener" class="edu.mum.hbteam.sup.amqp.MessageListenerImpl" />
	<!-- ************************************************************************* -->

</beans>
